{"cameraMode":{"drawMode":0,"name":"Shaded","section":"Shading Mode"},"sceneLighting":true,"audioPlay":false,"sceneViewState":{"showFog":true,"showMaterialUpdate":false,"showSkybox":true,"showFlares":true,"showImageEffects":true,"showParticleSystems":true},"in2DMode":false,"pivot":{"x":163.941162109375,"y":67.19552612304688,"z":-219.8956298828125},"rotation":{"x":0.29537233710289,"y":0.07870450615882874,"z":-0.024423351511359216,"w":0.9518266320228577},"size":145.9317626953125,"orthographic":false}