{"cameraMode":{"drawMode":0,"name":"Shaded","section":"Shading Mode"},"sceneLighting":true,"audioPlay":false,"sceneViewState":{"showFog":true,"showMaterialUpdate":false,"showSkybox":true,"showFlares":true,"showImageEffects":true,"showParticleSystems":true},"in2DMode":false,"pivot":{"x":3.872549533843994,"y":-4.418222904205322,"z":-1.0340510606765748},"rotation":{"x":-0.0010471558198332787,"y":0.9565727710723877,"z":0.0034466239158064129,"w":0.29150083661079409},"size":6.338461875915527,"orthographic":false}